{
    "0": {
        "precision": 0.6428571428571429,
        "recall": 0.8181818181818182,
        "f1-score": 0.72,
        "support": 44.0
    },
    "1": {
        "precision": 0.7272727272727273,
        "recall": 0.7619047619047619,
        "f1-score": 0.7441860465116279,
        "support": 21.0
    },
    "4": {
        "precision": 0.7089552238805971,
        "recall": 0.7916666666666666,
        "f1-score": 0.7480314960629921,
        "support": 120.0
    },
    "5": {
        "precision": 0.8333333333333334,
        "recall": 0.5,
        "f1-score": 0.625,
        "support": 50.0
    },
    "7": {
        "precision": 0.9,
        "recall": 0.9782608695652174,
        "f1-score": 0.9375,
        "support": 138.0
    },
    "9": {
        "precision": 0.7333333333333333,
        "recall": 0.7333333333333333,
        "f1-score": 0.7333333333333333,
        "support": 165.0
    },
    "12": {
        "precision": 0.9757575757575757,
        "recall": 0.9147727272727273,
        "f1-score": 0.9442815249266863,
        "support": 176.0
    },
    "14": {
        "precision": 0.7924528301886793,
        "recall": 0.672,
        "f1-score": 0.7272727272727273,
        "support": 125.0
    },
    "17": {
        "precision": 0.7402597402597403,
        "recall": 0.7972027972027972,
        "f1-score": 0.7676767676767676,
        "support": 143.0
    },
    "accuracy": 0.8014256619144603,
    "macro avg": {
        "precision": 0.7838024340981256,
        "recall": 0.774146997125258,
        "f1-score": 0.7719202106426816,
        "support": 982.0
    },
    "weighted avg": {
        "precision": 0.8066668177747872,
        "recall": 0.8014256619144603,
        "f1-score": 0.7999766838882573,
        "support": 982.0
    }
}