{"loss": [1.9238835573196411, 1.1486340761184692, 0.9694333076477051, 0.9163652062416077, 0.8353340029716492, 0.7884747385978699, 0.7496757507324219, 0.7324458360671997, 0.7024834156036377, 0.6879430413246155, 0.6481565237045288, 0.6178574562072754, 0.6229531168937683, 0.5815559029579163, 0.565740168094635, 0.5683785080909729, 0.5631764531135559, 0.5372968316078186, 0.4916531443595886], "accuracy": [0.42343950271606445, 0.5638216733932495, 0.6084076166152954, 0.6410191059112549, 0.6782165765762329, 0.6919745206832886, 0.7113375663757324, 0.7141401171684265, 0.7254776954650879, 0.7290445566177368, 0.7472611665725708, 0.7664968371391296, 0.7636942863464355, 0.7769426703453064, 0.7831847071647644, 0.7854776978492737, 0.7801274061203003, 0.7954140305519104, 0.8157961964607239], "val_loss": [1.0033857822418213, 0.8304412364959717, 0.7423090934753418, 0.6917949914932251, 0.6503844857215881, 0.6178633570671082, 0.5897089838981628, 0.568291425704956, 0.5884588956832886, 0.5303250551223755, 0.5496153235435486, 0.5139733552932739, 0.4912997782230377, 0.4758633077144623, 0.4691539406776428, 0.43050870299339294, 0.44057267904281616, 0.431662917137146, 0.42417415976524353], "val_accuracy": [0.6095820665359497, 0.6707441210746765, 0.6870540380477905, 0.7064220309257507, 0.7339449524879456, 0.7512742280960083, 0.7533129453659058, 0.7767584323883057, 0.772680938243866, 0.7930682897567749, 0.7696228623390198, 0.7869520783424377, 0.8154944181442261, 0.8053007125854492, 0.8175331354141235, 0.8205912113189697, 0.8267074227333069, 0.8267074227333069, 0.835881769657135], "lr": [0.0010000000474974513, 0.0010000000474974513, 0.0010000000474974513, 0.0010000000474974513, 0.0010000000474974513, 0.0010000000474974513, 0.0010000000474974513, 0.0010000000474974513, 0.0010000000474974513, 0.0010000000474974513, 0.0010000000474974513, 0.0010000000474974513, 0.0010000000474974513, 0.0010000000474974513, 0.0010000000474974513, 0.0010000000474974513, 0.0010000000474974513, 0.0010000000474974513, 0.0005000000237487257]}